,Title,Link
0,What Does a Data Analyst Do? Your 2024 Career Guide,https://www.coursera.org/articles/what-does-a-data-analyst-do-a-career-guide
1,What Does a Data Analyst Do? | SNHU,https://www.coursera.org/articles/data-analyst-vs-data-scientist-whats-the-difference
2,What Does a Data Analyst Do? | SNHU,https://www.coursera.org/articles/how-much-do-data-analysts-make-salary-guide
3,What Does a Data Analyst Do? | SNHU,https://www.coursera.org/articles/what-is-data-analysis-with-examples
4,What Does a Data Analyst Do? | SNHU,"https://www.snhu.edu/about-us/newsroom/stem/what-does-a-data-analyst-do#:~:text=A%20data%20analyst%20reviews%20data,company%20leadership%20and%20other%20stakeholders."
5,How to Become a Data Analyst: Navigating the Data Landscape,https://webcache.googleusercontent.com/search?q=cache:eoNkrcfnpi0J:https://www.snhu.edu/about-us/newsroom/stem/what-does-a-data-analyst-do&hl=en&gl=ph
6,How to Become a Data Analyst: Navigating the Data Landscape,"https://www.simplilearn.com/tutorials/data-analytics-tutorial/how-to-become-a-data-analyst#:~:text=A%20Data%20analyst%20role%20is,finance%2C%20marketing%2C%20and%20more."
7,7 In-Demand Data Analyst Skills to Get You Hired in 2024 | Coursera,https://webcache.googleusercontent.com/search?q=cache:zEeXWiJggZIJ:https://www.simplilearn.com/tutorials/data-analytics-tutorial/how-to-become-a-data-analyst&hl=en&gl=ph
8,7 In-Demand Data Analyst Skills to Get You Hired in 2024 | Coursera,"https://www.coursera.org/articles/in-demand-data-analyst-skills-to-get-hired#:~:text=That's%20where%20data%20visualization%20comes,learning%20visualization%20software%2C%20like%20Tableau."
9,What Degree Do I Need to Become a Data Analyst? - Coursera,"https://www.coursera.org/articles/what-degree-do-i-need-to-become-a-data-analyst#:~:text=While%20a%20bachelor's%20degree%20is,or%20doctoral%20degree%20%5B2%5D."
10,Become a Data Analyst Learning Path,https://www.linkedin.com/learning/paths/become-a-data-analyst
11,Data Analyst Job Description [+2023 TEMPLATE],https://resources.workable.com/data-analyst-job-description
12,What Does a Data Analyst Do?,https://www.snhu.edu/about-us/newsroom/stem/what-does-a-data-analyst-do
13,Data analyst job profile | Prospects.ac.uk,https://www.prospects.ac.uk/job-profiles/data-analyst
14,How to Become a Data Analyst (with or Without a Degree),https://www.coursera.org/articles/how-to-become-a-data-analyst
15,How to Become a Data Analyst: Navigating the ...,https://www.simplilearn.com/tutorials/data-analytics-tutorial/how-to-become-a-data-analyst
16,"Data Analyst Job Description: Responsibilities, Skills, and ...",https://www.simplilearn.com/data-analyst-job-description-article
17,Data analyst: job description,https://www.simplilearn.com/data-analyst-job-description-article#what_does_a_data_analyst_do
18,Data analyst: job description,https://www.simplilearn.com/data-analyst-job-description-article#data_analyst_job_description_roles_and_responsibilities
19,Data analyst: job description,https://targetjobs.co.uk/careers-advice/job-descriptions/data-analyst-job-description
20,What Is the Job Description of a Data Analyst?,https://www.indeed.com/career-advice/finding-a-job/data-analyst-job-description
21,「data analyst」找工作職缺｜2023年12月,https://www.coursera.org/professional-certificates/google-data-analytics
22,「data analyst」找工作職缺｜2023年12月,https://www.coursera.org/
23,「data analyst」找工作職缺｜2023年12月,https://www.coursera.org/courseraplus
24,「data analyst」找工作職缺｜2023年12月,https://www.fiverr.com/categories/data/data-analytics
25,「data analyst」找工作職缺｜2023年12月,https://www.104.com.tw/jobs/search/?keyword=data+analyst
26,數據分析師(Data Analyst) 的工作內容、需要特質、薪水,https://tw.alphacamp.co/blog/data-analyst
27,1000 個「Data Analyst」的職缺（Taiwan） （45 個最新）,https://tw.linkedin.com/jobs/data-analyst-%E8%81%8C%E4%BD%8D
28,數據分析師( Data Analyst ) 薪水與工作內容完全解析 - Yourator,https://www.yourator.co/articles/277
29,資料分析師的訓練,https://learn.microsoft.com/zh-tw/training/career-paths/data-analyst
30,時下最夯數據分析師（Data analyst）的工作日常！ 第一人稱 ...,https://www.lndata.com/en/explore/news/article/data-analyst-in-lndata-2
31,18 個「資料分析師」的職缺（Taiwan） （1 個最新）,https://tw.linkedin.com/jobs/%E8%B3%87%E6%96%99%E5%88%86%E6%9E%90%E5%B8%AB-%E8%81%8C%E4%BD%8D
32,資料分析5 步驟，成為數據分析師Data Analyst 的Top 3 技能,https://tw.alphacamp.co/blog/data-analysis-process
33,0背景4個月成功轉職成數據分析師Data Analyst | 轉職過程分享,https://www.youtube.com/watch?v=_HmWdlUYjS4
34,[數據分析師Data Analyst] 薪資最高不是Google？職涯發展,https://www.youtube.com/watch?v=_HmWdlUYjS4&t=0
35,[數據分析師Data Analyst] 薪資最高不是Google？職涯發展,https://www.youtube.com/watch?v=_HmWdlUYjS4&t=58
36,[數據分析師Data Analyst] 薪資最高不是Google？職涯發展,https://www.youtube.com/watch?v=_HmWdlUYjS4&t=171
37,[數據分析師Data Analyst] 薪資最高不是Google？職涯發展,https://www.youtube.com/watch?v=_HmWdlUYjS4&t=364
38,[數據分析師Data Analyst] 薪資最高不是Google？職涯發展,https://www.youtube.com/watch?v=_HmWdlUYjS4&t=610
39,[數據分析師Data Analyst] 薪資最高不是Google？職涯發展,https://www.youtube.com/watch?v=_HmWdlUYjS4
40,[數據分析師Data Analyst] 薪資最高不是Google？職涯發展,https://www.youtube.com/watch?v=_HmWdlUYjS4&t=0
41,[數據分析師Data Analyst] 薪資最高不是Google？職涯發展,https://www.youtube.com/watch?v=_HmWdlUYjS4&t=58
42,[數據分析師Data Analyst] 薪資最高不是Google？職涯發展,https://www.youtube.com/watch?v=_HmWdlUYjS4&t=171
43,[數據分析師Data Analyst] 薪資最高不是Google？職涯發展,https://www.youtube.com/watch?v=_HmWdlUYjS4&t=364
44,[數據分析師Data Analyst] 薪資最高不是Google？職涯發展,https://www.youtube.com/watch?v=_HmWdlUYjS4&t=610
45,[數據分析師Data Analyst] 薪資最高不是Google？職涯發展,https://dishtsai.com/job-review-data-analyst/
46,無經驗｜data analyst】職缺- 2023年11月熱門工作機會,https://www.1111.com.tw/search/job?c0=100100&ex=*1&ks=data+analyst
47,「data analysis」找工作職缺｜2023年12月,https://www.104.com.tw/jobs/search/?keyword=data+analysis
48,Tableau Certified Data Analyst,https://www.tableau.com/zh-tw/learn/certification/certified-data-analyst
49,Microsoft 認證：Azure 企業資料分析技術師,https://learn.microsoft.com/zh-tw/credentials/certifications/azure-enterprise-data-analyst-associate/
50,Intel 的Data Analyst 說明,https://jobs.intel.com/zh-hant/%E5%B7%A5%E4%BD%9C/-/data-analyst/41147/57199447968
51,Data Analyst Jobs in Taiwan | Careerjet,https://www.careerjet.com.tw/data-analyst-jobs.html
52,Data Analyst 職缺，徵才2023年11月22日,https://tw.indeed.com/q-data-analyst-%E8%81%B7%E7%BC%BA.html
53,【共寫文章】資料分析師職涯發展-Senior Data Analyst 和 ...,https://medium.com/%E7%A4%BE%E6%9C%83%E4%BA%BA%E7%8E%A9%E8%B3%87%E6%96%99/%E5%85%B1%E5%AF%AB%E6%96%87%E7%AB%A0-%E8%B3%87%E6%96%99%E5%88%86%E6%9E%90%E5%B8%AB%E8%81%B7%E6%B6%AF%E7%99%BC%E5%B1%95-senior-data-analyst-%E5%92%8C-junior-data-analyst%E6%9C%80%E5%A4%A7%E7%9A%84%E5%B7%AE%E5%88%A5%E6%98%AF%E4%BB%80%E9%BA%BC-d7ff440aeeff
54,Data Analytics Certificate & Training,https://grow.google/certificates/data-analytics/
55,11 Data Analyst Skills You Need to Get Hired,https://bootcamp.cvn.columbia.edu/blog/data-analyst-skills/
56,Data analytics course,https://web.ue-germany.com/en/master/data-science
57,Data analytics course,https://www.lewagon.com/data-analytics-course
58,DATA ANALYST在劍橋英語詞典中的解釋及翻譯,https://dictionary.cambridge.org/zht/%E8%A9%9E%E5%85%B8/%E8%8B%B1%E8%AA%9E/data-analyst
59,Data Analytics vs Data Science - YouTube,https://www.youtube.com/watch?v=dcXqhMqhZUo
60,《天下雜誌群》數據分析師Jr.Data Analyst,https://www.youtube.com/watch?v=dcXqhMqhZUo&t=0
61,《天下雜誌群》數據分析師Jr.Data Analyst,https://www.youtube.com/watch?v=dcXqhMqhZUo&t=111
62,《天下雜誌群》數據分析師Jr.Data Analyst,https://www.youtube.com/watch?v=dcXqhMqhZUo&t=173
63,《天下雜誌群》數據分析師Jr.Data Analyst,https://www.youtube.com/watch?v=dcXqhMqhZUo&t=210
64,《天下雜誌群》數據分析師Jr.Data Analyst,https://www.youtube.com/watch?v=dcXqhMqhZUo&t=235
65,《天下雜誌群》數據分析師Jr.Data Analyst,https://www.youtube.com/watch?v=dcXqhMqhZUo&t=275
66,《天下雜誌群》數據分析師Jr.Data Analyst,https://www.youtube.com/watch?v=dcXqhMqhZUo
67,《天下雜誌群》數據分析師Jr.Data Analyst,https://www.youtube.com/watch?v=dcXqhMqhZUo&t=0
68,《天下雜誌群》數據分析師Jr.Data Analyst,https://www.youtube.com/watch?v=dcXqhMqhZUo&t=111
69,《天下雜誌群》數據分析師Jr.Data Analyst,https://www.youtube.com/watch?v=dcXqhMqhZUo&t=173
70,《天下雜誌群》數據分析師Jr.Data Analyst,https://www.youtube.com/watch?v=dcXqhMqhZUo&t=210
71,《天下雜誌群》數據分析師Jr.Data Analyst,https://www.youtube.com/watch?v=dcXqhMqhZUo&t=235
72,《天下雜誌群》數據分析師Jr.Data Analyst,https://www.youtube.com/watch?v=dcXqhMqhZUo&t=275
73,《天下雜誌群》數據分析師Jr.Data Analyst,https://www.yourator.co/companies/COMMONWEALTH/jobs/21252
74,BI Analytics Bootcamp Online Part-Time,https://tripleten.com/bi/
75,What does a data analyst do? - CareerExplorer,https://www.careerexplorer.com/careers/data-analyst/
76,How to become a Data Analyst,https://www.seek.com.au/career-advice/role/data-analyst
77,How to Become a Data Analyst | Salary & Job Outlook,https://www.discoverdatascience.org/career-information/data-analyst/
78,Data analyst-statistician | Explore careers,https://nationalcareers.service.gov.uk/job-profiles/data-analyst-statistician
79,Data Analyst Online Course | Data Analytics,https://www.udacity.com/course/data-analyst-nanodegree--nd002
80,Is Data Analyst a Good Career for Me? How to Find Out,https://careerfoundry.com/en/blog/data-analytics/data-analyst-career-fit/
81,"Data Analyst Jobs, Employment | Indeed.com",https://www.indeed.com/q-data-analyst-jobs.html
82,How to Become a Data Analyst in 2023,https://www.mastersindatascience.org/careers/data-analyst/
83,Search Data Analyst Jobs at Capital One,https://www.capitalonecareers.com/category/data-analyst-jobs/234/8248352/1
84,The Harsh Reality of Being a Data Analyst - YouTube,https://www.youtube.com/watch?v=HoNg-ncwE2c
85,DATA ANALYST的英語發音,https://www.youtube.com/watch?v=HoNg-ncwE2c
86,DATA ANALYST的英語發音,https://dictionary.cambridge.org/zht/%E7%99%BC%E9%9F%B3/%E8%8B%B1%E8%AA%9E/data-analyst
87,【Data Analyst】走在數據分析師的路上,https://www.maxlist.xyz/2019/04/20/categories/
88,你知道什麼是數據分析嗎？ - Dodson - Medium,https://dodsonhuang.medium.com/%E4%BD%A0%E7%9F%A5%E9%81%93%E4%BB%80%E9%BA%BC%E6%98%AF%E6%95%B8%E6%93%9A%E5%88%86%E6%9E%90%E5%97%8E-96d462525479
89,The Data Analytics Profession And Employment Is ...,https://www.theforage.com/blog/careers/data-analyst
90,The Data Analytics Profession And Employment Is ...,https://www.getrocket.com/post/data-analysts
91,The Data Analytics Profession And Employment Is ...,https://www.shiksha.com/online-courses/what-is-data-analyst-dg439
92,The Data Analytics Profession And Employment Is ...,https://bootcamp.northwestern.edu/blog/data-analyst-skills/
93,The Data Analytics Profession And Employment Is ...,https://www.geeksforgeeks.org/data-analyst-salary/
94,The Data Analytics Profession And Employment Is ...,https://rockcontent.com/blog/business-data-analyst/
95,The Data Analytics Profession And Employment Is ...,https://www.herzing.edu/salary/data-analyst
96,The Data Analytics Profession And Employment Is ...,https://bootcamp.cvn.columbia.edu/blog/data-analyst-skills/
97,The Data Analytics Profession And Employment Is ...,https://www.edubridgeindia.com/blog/important-skills-required-for-data-analyst-career/
98,The Data Analytics Profession And Employment Is ...,https://www.forbes.com/sites/bernhardschroeder/2021/06/11/the-data-analytics-profession-and-employment-is-exploding-three-trends-that-matter/
99,How to Become a Data Analyst (2023 Guide),https://brainstation.io/career-guides/how-to-become-a-data-analyst
100,2023年Data Analysis工作職缺,https://www.cakeresume.com/jobs/Data%20analysis?locale=zh-TW
101,Data Analyst: Career Path and Qualifications,https://www.investopedia.com/articles/professionals/121515/data-analyst-career-path-qualifications.asp
102,What is a data analyst? A key role for data-driven business ...,https://www.cio.com/article/217583/what-is-a-data-analyst-a-key-role-for-data-driven-business-decisions.html
103,Data Analyst,https://www.cisa.gov/careers/work-rolesdata-analyst
104,Data analysis,https://en.wikipedia.org/wiki/Data_analysis
105,"What Does a Data Analyst Do: Roles, Skills, and Salary",https://graduate.northeastern.edu/resources/what-does-a-data-analyst-do/
106,Fastest Way To Become a Data Analyst - YouTube,https://www.youtube.com/watch?v=qlH-7m-At4I
107,數據分析師( Data Analyst) 的3 個必備技能與2 大工作內容,https://www.youtube.com/watch?v=qlH-7m-At4I&t=0
108,數據分析師( Data Analyst) 的3 個必備技能與2 大工作內容,https://www.youtube.com/watch?v=qlH-7m-At4I&t=43
109,數據分析師( Data Analyst) 的3 個必備技能與2 大工作內容,https://www.youtube.com/watch?v=qlH-7m-At4I&t=222
110,數據分析師( Data Analyst) 的3 個必備技能與2 大工作內容,https://www.youtube.com/watch?v=qlH-7m-At4I&t=334
111,數據分析師( Data Analyst) 的3 個必備技能與2 大工作內容,https://www.youtube.com/watch?v=qlH-7m-At4I&t=457
112,數據分析師( Data Analyst) 的3 個必備技能與2 大工作內容,https://www.youtube.com/watch?v=qlH-7m-At4I&t=543
113,數據分析師( Data Analyst) 的3 個必備技能與2 大工作內容,https://www.youtube.com/watch?v=qlH-7m-At4I&t=694
114,數據分析師( Data Analyst) 的3 個必備技能與2 大工作內容,https://www.youtube.com/watch?v=qlH-7m-At4I
115,數據分析師( Data Analyst) 的3 個必備技能與2 大工作內容,https://www.youtube.com/watch?v=qlH-7m-At4I&t=0
116,數據分析師( Data Analyst) 的3 個必備技能與2 大工作內容,https://www.youtube.com/watch?v=qlH-7m-At4I&t=43
117,數據分析師( Data Analyst) 的3 個必備技能與2 大工作內容,https://www.youtube.com/watch?v=qlH-7m-At4I&t=222
118,數據分析師( Data Analyst) 的3 個必備技能與2 大工作內容,https://www.youtube.com/watch?v=qlH-7m-At4I&t=334
119,數據分析師( Data Analyst) 的3 個必備技能與2 大工作內容,https://www.youtube.com/watch?v=qlH-7m-At4I&t=457
120,數據分析師( Data Analyst) 的3 個必備技能與2 大工作內容,https://www.youtube.com/watch?v=qlH-7m-At4I&t=543
121,數據分析師( Data Analyst) 的3 個必備技能與2 大工作內容,https://www.youtube.com/watch?v=qlH-7m-At4I&t=694
122,數據分析師( Data Analyst) 的3 個必備技能與2 大工作內容,https://www.technice.com.tw/experience/13160/
123,不是相關科系，也能成為數據分析師嗎？入行計畫4 步驟,https://datatiffany.com/how-to-become-a-data-analyst/
124,More results,https://careers.kroll.com/search-jobs?orgIds=400&ac=8317856&utm_source=US_RD360&utm_medium=banner&utm_campaign=Technology&ss=paid
125,More results,https://careers.kroll.com/testimonials
126,More results,https://careers.kroll.com/growth
127,More results,https://careers.kroll.com/OneFlexibleTeam
128,More results,https://careers.kroll.com/culture
